id,sequence,unnatural_aa_count,aa_length,C_terminal,branch_site,C_count_tail,abs_glp1r,abs_gipr,abs_gcgr
GPX-007,Y[2meA]QGTFTSDYSI[2meL]LDKKAAQAFIEYLLE[2meA]GPSSGAPPPS,3,39,amide,K17,20,ND,ND,ND
Compound 12,Y[Aib]QGTFTSDYSI[αMe-L]LDKKAQ[Aib]AFIEYLLEGGPSSGAPPPS,3,39,amide,K17,18,11.96,12.04,6.99
Compound 13,Y[Aib]QGTFTSDYSI[αMe-L]LDKKAQ[Aib]AFIEYLLEGGPSSGAPPPS,3,39,amide,K17,20,2.4,1.5,1.8
Compound 14,Y[Aib]QGTFTSDYSI[nor-L]LDKKAQ[Aib]AFIEYLLEGGPSSGAPPPS,3,39,amide,K17,20,8.54,24.03,20.89
Compound 17,Y[Aib]QGTFTSDYSI[nor-V]LDKKAQ[Aib]AFIEYLLEGGPSSGAPPPS,3,39,amide,K17,20,0.0087,0.01148,0.01333
Compound 18,Y[Aib]QGTFTSDYSI[nor-V]LDKKAQ[Aib]AFIEYLLEGGPSSGAPPPS,3,39,amide,K17,18,0.01733,0.02268,0.1932
Compound 19,Y[Aib]QGTFTSDYSI[αMe-L]LDKKAQ[Aib]AFIEYLLEGGPSSGAPPPS,3,39,amide,K17,16,0.01161,0.01379,0.1091
Compound 20,Y[Aib]QGTFTSDYSI[αMe-L]LDKKAQ[Aib]AFIEYLLEGGPSSGAPPPS,3,39,amide,K17,18,0.01437,0.0181,0.1398
Retatrutide,Y[Aib]QGTFTSDYSI[αMe-L]LDKKAQ[Aib]AFIEYLLEGGPSSGAPPPS,3,39,amide,K20,20,0.0083,0.00599,0.00963
